date,close,open,high,low,volume,amount
2024-06-18,0.999,1.0,1.009,0.997,448679,44990896.894
2024-06-19,1.0138444407722091,1.0118187775538832,1.0209342620363506,1.0037161246805788,137893,13831836.367
2024-06-20,1.0014965867634806,0.9965189695330458,1.0233981025773937,0.993532399194785,273266,27706486.247
2024-06-21,0.9959349802018626,0.9919671117548432,0.9959349802018626,0.9721277695197463,62018,6154935.0
2024-06-24,0.9812720307026012,1.0115270778979537,1.0155610841906673,0.9782465259830659,52711,5233786.942
2024-06-25,0.9745386335436097,1.007891827418899,1.0256107116651463,0.9682849096919929,61256,5803937.505
2024-06-26,0.9575527695605219,0.9376452275738167,0.9585481466598572,0.9266960794811289,49125,4630599.439
2024-06-27,0.9496417488342772,0.9749250754805572,0.9749250754805572,0.9476190827025749,39727,3759200.367
2024-06-28,0.9496881421529569,0.9466636576238074,0.9587615957404056,0.9446473346043744,32537,3067483.616
2024-07-01,0.9417491108355684,0.942748844498876,0.945748045488798,0.9217544375694207,23305,2181165.186
2024-07-02,0.9532038263888732,0.9696738709053115,0.9696738709053115,0.9511450708243184,9007,837491.322
2024-07-03,0.9669796775524606,0.9638869920165787,0.9772886293387342,0.9432690884440315,21979,2043973.174
2024-07-04,1.0025926604215376,1.0188509197797246,1.0231864556085744,1.0015087764643251,7909,736530.927
2024-07-05,0.9613663694788059,0.9697534261372908,0.9697534261372908,0.9466890203264577,14341,1308912.74
2024-07-08,0.9694580421650109,0.9737053939379133,0.992818476915975,0.9694580421650109,10363,957795.6
2024-07-09,0.9626191689957563,0.9300225410509265,0.9636378136190321,0.9290038964276506,44824,4193353.166
2024-07-10,0.9695777553716174,0.9778559005615564,0.981994973156526,0.9654386827766479,47357,4469259.236
2024-07-11,0.9535022516322733,0.9575510934651067,0.9615999352979402,0.9362946738427314,23649,2215340.466
2024-07-12,0.9420097464060986,0.9212736828059644,0.9469469044061306,0.9173239564059388,27728,2624936.218
2024-07-15,0.9593498737072281,0.9613547846240665,0.97037688374984,0.9593498737072281,11140,1071738.72
2024-07-16,0.9593914549592549,0.9456155776572759,0.9613594374309663,0.9328236915911525,17653,1707179.923
2024-07-17,0.9536436875242307,0.9507213881753311,0.9682551842687286,0.946824989043465,23388,2301046.617
2024-07-18,0.9447231322111874,0.9285983397939283,0.9485172010152485,0.9134220645776842,24269,2383975.82
2024-07-19,0.9380320716575481,0.9342874326489351,0.9473936691790805,0.9230535156230962,44217,4434725.909
2024-07-22,0.9504624198743958,0.9542718884911269,0.9637955600329544,0.9495100527202132,16279,1636327.666
2024-07-23,0.934742125412465,0.9758082020519248,0.9758082020519248,0.934742125412465,13715,1333906.762
2024-07-24,0.934217342673911,0.9511307556935664,0.9799830484918024,0.931232622729266,11411,1084587.1
2024-07-25,0.979477892652357,0.9742344349829117,0.9952082656606923,0.9742344349829117,9186,856563.505
2024-07-26,0.997139165397022,0.9876726543331261,1.0013465036476423,0.9771543087065754,10193,960813.647
2024-07-29,1.0029269018029054,1.007190140492822,1.0210456662350513,1.0018610921304263,4984,472185.2
2024-07-30,1.0058851484867042,0.9942625259726772,1.0090549546268934,0.9784134952717313,8236,776684.084
2024-07-31,0.9929123975029271,0.9496109440621301,0.9949264185931969,0.9496109440621301,16696,1612536.276
2024-08-01,0.980484445494871,0.9677253886465894,0.9912805705203401,0.9647809909123706,25326,2532343.576
2024-08-02,0.9862695054816991,0.9973625162795505,1.0114808936586341,0.9812272278463121,10875,1074571.721
2024-08-05,0.9857886216912809,1.0183332939728886,1.0267319190778197,0.9763401684482336,20470,1949283.876
2024-08-06,1.044247425332136,1.0278284406571025,1.044247425332136,1.0234500447437604,9322,881289.4
2024-08-07,1.0868977786465825,1.0868977786465825,1.0995494988213048,1.0811469967489815,4226,400453.7
2024-08-08,1.1753106093561634,1.1543449426625068,1.1913431780042538,1.1420121975485913,9488,901825.502
2024-08-09,1.1675277443805834,1.1823065765879326,1.2081695329507935,1.1650646056793585,10690,1022957.251
2024-08-12,1.163777271828441,1.1725087197414086,1.175003419145114,1.163777271828441,5499,515550.9
2024-08-13,1.1820381103723496,1.1670281026215898,1.2108072918946395,1.1670281026215898,12092,1135476.3
2024-08-14,1.142333263912288,1.1608375824421846,1.1633048249128375,1.142333263912288,11152,1037264.6
2024-08-15,1.1722086744654714,1.145965196678931,1.1722086744654714,1.145965196678931,13012,1209566.2
2024-08-16,1.217400558022408,1.2358061820097879,1.2358061820097879,1.2108271208840582,5309,490702.9
2024-08-19,1.2131339446913216,1.2197270639559483,1.2302760547793512,1.210496696985471,3862,356453.421
2024-08-20,1.233691352401504,1.2473082547458916,1.2500316352147691,1.2255212109948717,10350,940644.9
2024-08-21,1.3099686636785053,1.3128829432417501,1.324540061494729,1.3099686636785053,4043,364792.6
2024-08-22,1.441774808327938,1.4662670191149358,1.4662670191149358,1.438509180223005,6349,562675.5
2024-08-23,1.4251606835612438,1.4333044588958797,1.4463344994312965,1.402358112624264,11404,991505.871
2024-08-26,1.4286160587999532,1.43515434739858,1.4482309245958336,1.4269814866502966,4291,377065.2
2024-08-27,1.4622951080032016,1.4690493579246944,1.4893121076891729,1.4622951080032016,2078,180622.6
2024-08-28,1.4649619993969376,1.4599392725418623,1.4683104839669876,1.4465453342616619,13209,1149627.714
2024-08-29,1.5063848827088895,1.4706805006130805,1.5233869694211795,1.4706805006130805,3086,273820.424
2024-08-30,1.4509262166384507,1.4144946631639044,1.466766022496949,1.409742721406355,20073,1836811.7
2024-09-02,1.5067694850763882,1.5701943667007643,1.580479482639852,1.5067694850763882,9646,859188.4
2024-09-03,1.4022327526924794,1.3927260899623608,1.4149083029993041,1.3927260899623608,6771,598822.741
2024-09-04,1.3963870173393333,1.4043391074152975,1.4122911974912622,1.3852540912329832,6610,582634.96
2024-09-05,1.3820793880426143,1.3820793880426143,1.389905432142516,1.3742533439427127,3221,284317.2
2024-09-06,1.3272020223242573,1.3547246449070185,1.3547246449070185,1.3272020223242573,7100,620487.468
2024-09-09,1.3254793621438112,1.3347592643291823,1.3502257679714669,1.3239327117795827,6717,576577.1
2024-09-10,1.3567601603242072,1.3380677126503948,1.3567601603242072,1.3287214888134888,3446,297382.1
2024-09-11,1.3457381789882015,1.3441913534951115,1.350378655467471,1.339550877015842,3915,340120.9
2024-09-12,1.3380853322155333,1.3520237210927786,1.3582185605937762,1.3380853322155333,1934,168544.4
2024-09-13,1.4060850848586106,1.424410838334256,1.4377386590438164,1.4044191072699155,5949,505451.212
2024-09-18,1.3932635340198518,1.3883576765056973,1.4047105348862121,1.3720048181251827,4101,347392.017
2024-09-19,1.3998678142178558,1.4081314967102871,1.421353388698177,1.3800349762360207,7347,624053.1
2024-09-20,1.3967454192021083,1.4167943965112293,1.4167943965112293,1.3900624267657344,11280,941872.5
2024-09-23,1.4058047893002559,1.4332351266524561,1.4332351266524561,1.4058047893002559,3620,299636.2
2024-09-24,1.4124441566283532,1.3743147955926114,1.442284526134586,1.357736812533593,34558,2954006.8
2024-09-25,1.4447878198658088,1.456630342979463,1.488774334287953,1.429561718719682,15240,1324305.0
2024-09-26,1.4416910938773613,1.3915312466156349,1.4416910938773613,1.3704964719574917,9186,801908.1
2024-09-27,1.4398116492723687,1.3451267495811796,1.469870347587032,1.3421208797497133,16204,1508462.4
2024-09-30,1.4096968245107704,1.336135794768747,1.4096968245107704,1.336135794768747,58528,6107298.934
2024-10-08,1.413913917709381,1.413913917709381,1.413913917709381,1.413913917709381,34907,4045778.091
2024-10-09,1.4070711885722866,1.411499422053238,1.411499422053238,1.3284700442854005,166629,21023632.747
2024-10-10,1.4137532017174288,1.490930795855849,1.4944388683166865,1.3599627573179236,89929,10909307.597
2024-10-11,1.390871342370735,1.4752047178809968,1.4752047178809968,1.3719907359132137,59457,6647202.375
2024-10-14,1.3889082394246368,1.3545839404803386,1.3974893141607112,1.2920646816889385,45301,4994155.6
2024-10-15,1.4005225839056161,1.4243879911649944,1.4683505834849016,1.396754361706767,38276,4332427.5
2024-10-16,1.4022715049970023,1.4099133115637434,1.4251969246972258,1.3067489229127378,36584,4027411.161
2024-10-17,1.392880144111758,1.41713745184606,1.4299044559167453,1.3916034437046896,21435,2363963.3
2024-10-18,1.3958589156082646,1.2597626713364587,1.3958589156082646,1.2597626713364587,52977,6154556.773
2024-10-21,1.3777531069282336,1.3509572604401643,1.4637231144107894,1.3453747924218165,104182,12958743.017
2024-10-22,1.3918931078043304,1.409133732591337,1.4263743573783436,1.3148849837557008,51388,6211225.295
2024-10-23,1.3861696186951535,1.396583246882346,1.410468084465269,1.3745989207093843,57717,6938506.8
2024-10-24,1.4036716878696631,1.3895997912494158,1.4236068747483466,1.3895997912494158,21960,2629460.1
2024-10-25,1.4151460337632449,1.3920792687467292,1.4197593867665481,1.375932533235168,61285,7410479.551
2024-10-28,1.409612700035776,1.4305994896144725,1.4305994896144725,1.3967874397376838,28709,3459223.7
2024-10-29,1.3967589822265967,1.4107615785396452,1.4329323560353053,1.3955920992005093,35294,4275240.582
2024-10-30,1.403379831378579,1.41044975496235,1.4175196785461215,1.3915966254056271,24298,2900303.743
2024-10-31,1.4002496028340035,1.3341578215802385,1.4674615837700358,1.2859892352427487,89073,10980774.782
2024-11-01,1.4093317012661601,1.4511240746150742,1.4511240746150742,1.3930791116304713,65306,8016415.774
2024-11-04,1.4159877255755495,1.3874165446720879,1.4308447396453494,1.3622739054770419,46784,5769172.444
2024-11-05,1.4484125332604856,1.4098788664914272,1.4586126215228834,1.3826786311250332,58209,7367881.101
2024-11-06,1.4453080381421939,1.425218814446009,1.4620490578890148,1.405129590749824,68815,8790296.634
2024-11-07,1.4434238783479252,1.4191831719939907,1.4533405309472618,1.3883313639071646,53169,6893537.596
2024-11-08,1.4132335008946508,1.3728554008690894,1.47535365478013,1.3676787213786328,132332,18224025.941
2024-11-11,1.417461174023403,1.3443267210527454,1.4395939690013653,1.317382448905661,638958,93251494.985
2024-11-12,1.4106012777067283,1.4379158252695141,1.4574262163857898,1.3842622496997563,505047,73580985.759
2024-11-13,1.4173000548238652,1.4084664672245477,1.4290781716229555,1.384910233626367,241659,34659769.4
2024-11-14,1.3943607889978749,1.4613388181637113,1.4613388181637113,1.388271877255526,214922,30195770.997
2024-11-15,1.392392760978734,1.463934413575034,1.4767478438907893,1.3913249751190877,208776,27952802.63
2024-11-18,1.4040362437659972,1.4236883840364387,1.4455240954480406,1.389843031348456,165902,21453837.14
2024-11-19,1.4057895525865842,1.3519238371982176,1.4100143145778286,1.3413619322201067,184500,24057747.264
2024-11-20,1.3963746304620168,1.4005869219566232,1.4069053591985328,1.377419318736288,122379,16179365.7
2024-11-21,1.3993608751617126,1.3909309903715819,1.412005702346909,1.382501105581451,96861,12881440.6
2024-11-22,1.3866600833074338,1.4407419898326848,1.46129311431228,1.3790886163938987,112293,14787450.1
2024-11-25,1.3952795424266928,1.390939637162535,1.41914902137956,1.3638152292615495,168184,21529612.822
2024-11-26,1.4142699369193745,1.438807743395894,1.438807743395894,1.4075778078803238,63036,8026538.0
2024-11-27,1.4236377344452344,1.3906831572590022,1.4236377344452344,1.3478422069169003,114530,14448370.215
2024-11-28,1.4960807552615203,1.5088777135102578,1.52283803159979,1.489100596216754,67611,8732472.502
2024-11-29,1.5118406692497546,1.472840227099154,1.523311387529343,1.4453105032281417,129752,16900878.5
2024-12-02,1.4803570331993505,1.4736281375938989,1.4837214810020762,1.4489555203739097,107116,14054480.1
2024-12-03,1.455083058992891,1.4853505802508322,1.4999238312268783,1.4461149045460935,74461,9747833.6
2024-12-04,1.3755731273027987,1.4077126863519296,1.428067740416379,1.3691452154929724,97990,12787470.1
2024-12-05,1.3654776498952652,1.3612005076872926,1.3708240776552312,1.3558540799273269,67732,8627723.5
2024-12-06,1.389451179023402,1.377593954066647,1.4013084039801573,1.3614250109437989,94423,12131456.2
2024-12-09,1.3793393488008152,1.402183297006507,1.4043589111213346,1.3684612782266763,55066,7008437.3
2024-12-10,1.3399315563101382,1.3827175327966768,1.3848046536008982,1.329495952289031,96536,12580183.9
2024-12-11,1.3751041392566208,1.3935400780321432,1.4054692148868932,1.37293520528303,52605,6726968.7
2024-12-12,1.3600459433311132,1.3547040503879433,1.3632510790970154,1.3440202645016028,48104,6095362.5
2024-12-13,1.3379659930632477,1.36599751266006,1.36599751266006,1.3368878576941394,65848,8223331.3
2024-12-16,1.3263408357418294,1.3648333143910534,1.3648333143910534,1.3208419102205118,79070,9603501.34
2024-12-17,1.3469168124263553,1.3570271137706733,1.363767314666885,1.3446700787942847,75317,9062787.8
2024-12-18,1.310023769941391,1.2895714678634234,1.3218645764075827,1.2895714678634234,49470,6022710.9
2024-12-19,1.3425540861590308,1.327160345613391,1.351350509327968,1.3095674992755166,55043,6683563.503
2024-12-20,1.311189785803242,1.2817484754564168,1.3311678178243018,1.2743881478697106,96818,12056271.592
2024-12-23,1.2851614127335205,1.3082230367793097,1.3134643149715344,1.275727111987516,96763,11925857.2
2024-12-24,1.3042580118066451,1.2916157693658699,1.307418572416839,1.270545365297911,48782,5977395.052
2024-12-25,1.2883731414341877,1.2988647793937496,1.2988647793937496,1.2715865206988888,33114,4052244.584
2024-12-26,1.281218424571528,1.2707423949348025,1.2906468512445808,1.2686471890074573,54925,6716583.028
2024-12-27,1.2623553045582037,1.2602926324919321,1.2912327134860055,1.2499792721605743,60685,7506494.6
2024-12-30,1.2536931401884885,1.2629797560417364,1.273298218100901,1.2444065243352402,29778,3617593.0
2024-12-31,1.2318417118071028,1.2771920488000013,1.2803560257995057,1.2286777348075983,76261,9034638.6
2025-01-02,1.2216645961187096,1.2661874836217024,1.2672734077071415,1.1999461144099326,53264,6033096.8
2025-01-03,1.2217242787042708,1.2383237933605786,1.2560299423273074,1.2217242787042708,31973,3580386.7
2025-01-06,1.211511128850827,1.2027558542069186,1.2235496314862009,1.2027558542069186,37233,4129915.1
2025-01-07,1.22624702316809,1.2046200915425507,1.227328369749367,1.2024573983799967,41035,4615402.31
2025-01-08,1.24396893742535,1.2428651495483087,1.2550068161957613,1.202024998097787,44320,4934126.268
2025-01-09,1.2897831830466489,1.276049910467625,1.3000831374809168,1.276049910467625,37447,4232907.4
2025-01-10,1.2367477092631411,1.247869541180975,1.2778984873591268,1.2367477092631411,37404,4238417.2
2025-01-13,1.2471572242789373,1.2282102423193826,1.2516153376811854,1.2170649588137619,17055,1895226.5
2025-01-14,1.2383593705214753,1.1927300192511896,1.2404816659293956,1.1874242807313888,65544,7544014.2
2025-01-15,1.2473112290774613,1.2581011186023527,1.260259096507331,1.2429952732675047,43046,4994935.7
2025-01-16,1.2266309316840092,1.2224120806721983,1.2561628887666854,1.2150290914015291,54024,6345732.4
2025-01-17,1.21184642292293,1.1933292449835304,1.2252199403236075,1.1881855844448084,56594,6599486.4
2025-01-20,1.2341535925918978,1.2510598061890472,1.2552863595883343,1.2288704008427889,42711,5023174.3
2025-01-21,1.2342070847046085,1.2352556888547397,1.2404987096053965,1.2163808141523753,37179,4356553.2
2025-01-22,1.296927880194749,1.3103559514305878,1.3137129692395473,1.294689868322109,33004,3831036.4
2025-01-23,1.3496969574657653,1.3683940581752476,1.3870911588847303,1.3496969574657653,51011,5992340.6
2025-01-24,1.3490167048325974,1.3397131413509933,1.357157322879001,1.3397131413509933,21285,2472473.9
2025-01-27,1.356228476867472,1.3885196310786023,1.3980873804744929,1.3538365395184992,20360,2345736.7
2025-02-05,1.3373722668381969,1.349052373972155,1.3560604382525296,1.3327002239846135,20829,2386831.8
2025-02-06,1.276615307035864,1.197088451843466,1.2964970208339635,1.1939492338753448,166871,19957385.4
2025-02-07,1.263987423940079,1.276522836408906,1.284879778054791,1.2441396875311026,233532,28287450.909
2025-02-10,1.2782231101047852,1.2750617998572054,1.2803306502698384,1.2560939383717262,256114,30934532.5
2025-02-11,1.268730050634757,1.2836187519833626,1.28468223065112,1.261285699960454,75679,9031203.6
2025-02-12,1.3155476577680274,1.279094014439492,1.3166198237482785,1.278021848459241,130173,15768986.891
2025-02-13,1.320371436699343,1.3500797940250786,1.3533807226168268,1.320371436699343,100724,12177080.247
2025-02-14,1.3451217066899728,1.3507498309857466,1.3541267055632111,1.327111708943496,68613,8162402.264
2025-02-17,1.32845520765127,1.3053612015579945,1.3361532096823618,1.3053612015579945,104952,12648093.281
2025-02-18,1.3141505154811302,1.315236590287313,1.3499909840851612,1.3032897674193027,135952,16613573.372
2025-02-19,1.3221839248942568,1.268794075195439,1.325324504288305,1.2667003555994067,150566,18704789.046
2025-02-20,1.287052928543257,1.2860346904668778,1.2962170712306693,1.274834071626707,154707,19543898.9
2025-02-21,1.273462735181756,1.2390713804507671,1.281323616263125,1.2390713804507671,190330,24530716.658
2025-02-24,1.303089654555593,1.2842474144973308,1.309039835626623,1.2812723239618158,718096,94005653.027
2025-02-25,1.2982980292727941,1.2873545209800734,1.3231696390289782,1.2764110126873525,345216,45042337.502
2025-02-26,1.2678070759942974,1.2639535590459865,1.2678070759942974,1.2379423196448875,367683,48041286.798
2025-02-27,1.213215036106772,1.2234886045418565,1.2290923691428115,1.1861301738688226,324392,41941754.021
2025-02-28,1.2294888138788693,1.2617922620142217,1.2735389704270772,1.2216576749369656,152756,19556738.42
2025-03-03,1.2852769498570005,1.293515904663776,1.3038145981722455,1.2770379950502249,83274,10397424.125
2025-03-04,1.3938542371771985,1.3628796985732607,1.4038103388713212,1.3573485309654147,139374,17452210.902
2025-03-05,1.368781405888336,1.3655327158427149,1.3806932693889464,1.3579524390695992,56624,7168112.8
2025-03-06,1.368502994120627,1.327885325345357,1.3830836957322623,1.327885325345357,180957,23735913.849
2025-03-07,1.300641464984911,1.2996425084065815,1.3186226833948407,1.2946477255149345,59804,7801239.1
2025-03-10,1.2327807896729532,1.2481186533080757,1.2548289686484415,1.2251118578553921,88799,11432583.5
2025-03-11,1.216459354541788,1.2088860667314112,1.225925964304759,1.198472795992143,51078,6527347.0
2025-03-12,1.2627088732361968,1.2867033411361721,1.2867033411361721,1.2627088732361968,84897,10797453.8
2025-03-13,1.259305757109287,1.2857745927478006,1.2867926248877435,1.2521795321296871,65361,8149529.8
2025-03-14,1.2628726859892272,1.2427952188033888,1.2658843060671028,1.2387797253662212,52081,6512574.1
2025-03-17,1.2185597291117483,1.2146912855272665,1.2262966162807116,1.2108228419427849,30527,3845941.1
2025-03-18,1.2240736963309293,1.2269835387152341,1.2395928557138889,1.2221338014080594,34713,4403383.956
2025-03-19,1.2076193931477297,1.2241089752228391,1.2241089752228391,1.202769516066815,27222,3400982.1
2025-03-20,1.2371410362146742,1.2562513449041695,1.2562513449041695,1.2361352304941746,30320,3748108.4
2025-03-21,1.2286651598425369,1.2530152538443708,1.2530152538443708,1.2235922235921546,32297,3927677.536
2025-03-24,1.262319206477104,1.2499334088665355,1.2726407044859112,1.240644060658609,33315,4069175.881
2025-03-25,1.265906805572689,1.2731881101240519,1.2742282964885323,1.2596656873858063,23616,2872786.7
2025-03-26,1.2453443320302588,1.2525607313052687,1.2628698731267112,1.2453443320302588,21969,2672524.8
2025-03-27,1.2328001847832684,1.2156919373209698,1.2478956972500022,1.2056282623431471,35372,4322383.0
2025-03-28,1.2272840152845175,1.2507678192375493,1.2650623086002641,1.226262980330038,34989,4253905.8
2025-03-31,1.209214960682459,1.2041974712190462,1.2172429438239192,1.196169488077586,33365,4009974.1
2025-04-01,1.2009174403964284,1.1880997665662532,1.2107771894965635,1.1851418418362127,42403,5157496.4
2025-04-02,1.1799858738116145,1.186795355358755,1.1936048369058951,1.171230826108148,27993,3394548.3
2025-04-03,1.1702371758796102,1.168309272789199,1.1866243521481057,1.1596337088823485,45225,5510743.2
2025-04-07,1.1702943460559403,1.2134436879518875,1.257645452820907,1.1502983095675743,66150,7610180.661
2025-04-08,1.1605111308598046,1.1481323454639667,1.1873318325507867,1.1378166909674352,49310,5581309.47
2025-04-09,1.174626700226946,1.1047678480469236,1.1915924214706655,1.091794061213491,65634,7623869.5
2025-04-10,1.191602589482872,1.1845754470006644,1.213687894426952,1.1845754470006644,62310,7430437.5
2025-04-11,1.235488230092624,1.1961221835455553,1.2576947178884064,1.180981396412067,90997,11065456.025
2025-04-14,1.18468534748554,1.2041064187557948,1.2050774723193076,1.1749748118504126,90218,11020295.375
2025-04-15,1.1946566616196022,1.2035498873884825,1.2035498873884825,1.1827990272610949,60799,7321020.75
2025-04-16,1.1862291639515485,1.1803664168479988,1.192091911055098,1.1578925529510586,46484,5627243.1
2025-04-17,1.1948041834034608,1.1918540496172794,1.2115216081918219,1.1908706716885522,126238,15423505.2
2025-04-18,1.1749944476585183,1.18968187825425,1.18968187825425,1.167161151340795,32562,3903117.85
2025-04-21,1.160832310330237,1.1483914034594265,1.161789303166453,1.1483914034594265,34033,4110528.7
2025-04-22,1.1822004332325589,1.1812322101095183,1.1938191107090461,1.1638041938947876,33478,4085581.891
2025-04-23,1.182251673531336,1.1832247201762176,1.1919821399801536,1.170575113792755,41562,5037377.0
2025-04-24,1.1751687381622535,1.1878679847093103,1.1878679847093103,1.1702844125672316,18284,2204521.078
2025-04-25,1.148090670081876,1.1385787341242797,1.1509442508691548,1.1271644109751642,21837,2615356.1
2025-04-28,1.1609529424737168,1.1648131351336461,1.1696383759585574,1.1532325571538584,11493,1388407.732
2025-04-29,1.1552503006319677,1.1485615065009305,1.1552503006319677,1.1466504224634915,17120,2060153.5
2025-04-30,1.1437501500765814,1.1380926884933502,1.1437501500765814,1.1343210474378627,18487,2235156.1
2025-05-06,1.1491650706616388,1.12874372045602,1.1491650706616388,1.1259589908825267,27381,3368192.48
2025-05-07,1.1725654773918321,1.1839680590196298,1.1925199952404775,1.164963756306634,53492,6612879.45
2025-05-08,1.1820318756741544,1.1849125382468775,1.1887534216771753,1.173389887955984,17525,2155331.86
2025-05-09,1.1604799048519139,1.1807040359738143,1.184556251425605,1.1566276894001233,20625,2492984.9
2025-05-12,1.159925126469091,1.1628081218124275,1.1695351109468797,1.1522371388868602,73020,8814554.0
2025-05-13,1.1714074283240499,1.1821453297503537,1.1870261940350373,1.1704312554671132,165976,19950933.85
2025-05-14,1.170860646408779,1.1679432195489565,1.1786404513683058,1.1621083658293114,41174,4941876.583
2025-05-15,1.1854042886990652,1.2154398703383997,1.2154398703383997,1.1824007305351318,26184,3114134.316
2025-05-16,1.1758013422530051,1.170823351811629,1.1827705288709314,1.170823351811629,9121,1080319.4
2025-05-19,1.1742440044009992,1.163380519078534,1.1752315939757687,1.1594301607794557,10569,1251434.625
2025-05-20,1.183789595664746,1.179807124358893,1.1867764491441355,1.1778158887059667,9503,1129528.5
2025-05-21,1.174145706808534,1.1890712878272867,1.1890712878272867,1.174145706808534,10047,1188591.3
2025-05-22,1.1695397860579415,1.1685494898800768,1.1814233401923153,1.1616174166350257,11572,1366609.8
2025-05-23,1.1710002643269515,1.1870826713906695,1.1941187244810456,1.169995113885469,19626,2294140.5
2025-05-26,1.174491512396966,1.1644958399510343,1.1824880503537112,1.1614971382172545,39561,4654964.2
2025-05-27,1.1871342156043831,1.193227291133576,1.193227291133576,1.1851031904279856,8222,962083.8
2025-05-28,1.1886166651498855,1.2030241398789752,1.2030241398789752,1.184500243798717,14175,1640893.8
2025-05-29,1.198252385438682,1.1748569653494718,1.198252385438682,1.1748569653494718,21296,2492405.6
2025-05-30,1.2313991044094812,1.2409039002411155,1.2409039002411155,1.2271747507065327,19377,2262896.3
2025-06-03,1.2523784323652638,1.2417289558995728,1.2619629611843857,1.232144427080451,16867,1983910.6
2025-06-04,1.309538151017682,1.3106526515717396,1.3139961532339124,1.3050801488014516,7144,838968.1
2025-06-05,1.2820731463781314,1.2755761540822963,1.285321642526049,1.2701619938357671,13050,1541864.8
2025-06-06,1.3460027875191964,1.3494132675551402,1.3505500942337882,1.3414554808046046,9009,1066706.2
2025-06-09,1.3587699384767642,1.3530512097794716,1.364488667174057,1.3496199725610958,34072,4032324.8
2025-06-10,1.436260046701182,1.4721975284564315,1.4721975284564315,1.431303152665975,29721,3468586.174
2025-06-11,1.5222530863816954,1.5117818699663441,1.5353421069008846,1.5117818699663441,8279,966568.2
2025-06-12,1.4418781832987861,1.4619915668495975,1.4670199127373003,1.4393640103549348,34923,4016469.4
2025-06-13,1.4568856359997324,1.4480330323087618,1.4632089243504258,1.4417097439580686,62624,7190956.8
2025-06-16,1.5412203291994433,1.5398824643303466,1.5452339238067336,1.5318552751157661,19412,2231134.3
2025-06-17,1.4982396235996334,1.5047707466318898,1.5086894204512438,1.4930147251738282,28298,3249628.396
2025-06-18,1.4389005154174297,1.4277269997670785,1.445108024112069,1.4215194910724391,20289,2340414.8
2025-06-19,1.4611130065584228,1.4535879610310831,1.4774172718676584,1.4473170897583,31214,3644525.2
2025-06-20,1.375136919421194,1.3774855734253293,1.38688018944187,1.3680909574087883,125077,14712285.2
2025-06-23,1.3024358050005194,1.266648642998007,1.3089425617282486,1.266648642998007,45241,5409568.5
2025-06-24,1.3280277216461842,1.3181416592021677,1.3280277216461842,1.3126494022888255,39998,4809263.688
2025-06-25,1.3685295970632567,1.3572937218821135,1.3685295970632567,1.34605784670097,23937,2895062.8
2025-06-26,1.4261070482593656,1.4391254528492852,1.4474098921337792,1.4249235569330092,44625,5415387.85
2025-06-27,1.38220577185025,1.38220577185025,1.3947816721731225,1.3787759808531028,49218,5957982.042
2025-06-30,1.3377499196138265,1.3160155586127895,1.3431835098640856,1.3160155586127895,45530,5591885.424
2025-07-01,1.456183848068114,1.4503073999322458,1.4679367443398503,1.4444309517963778,55482,6875211.637
2025-07-02,1.4905272412391604,1.5187197795191776,1.5199455420530914,1.481946903501764,52623,6404532.0
2025-07-03,1.4850463842706063,1.487492918676324,1.4923859874877592,1.4764835138505947,20385,2471261.114
2025-07-04,1.450169584877667,1.4335826778610925,1.4762347244751413,1.4217348871349675,53151,6531517.1
2025-07-07,1.3877249769240243,1.3877249769240243,1.4002167729519819,1.3854537412825776,29301,3595660.5
2025-07-08,1.4206898453900416,1.4172387769397012,1.4252912699904952,1.4114869961891345,21174,2613682.8
2025-07-09,1.42430441740548,1.437104538803732,1.4417591284030964,1.423140770005639,23558,2898023.6
2025-07-10,1.4260830363758417,1.4295869259001064,1.4342587785991263,1.4190752573273118,22613,2756289.3
2025-07-11,1.4186396536024661,1.414022437480082,1.42325686972485,1.4013250931435262,28785,3531418.9
2025-07-14,1.4536727843833226,1.462027225672882,1.4656077005112647,1.4488988179321458,24179,2951123.7
2025-07-15,1.482341360462816,1.4774491447517175,1.4957949536683366,1.476226090823943,20118,2444428.3
2025-07-16,1.4628665534572562,1.465280524667582,1.4773503807192092,1.4580386110366053,19016,2313851.0
2025-07-17,1.4628372647153427,1.4580173725746002,1.465247210785714,1.4459676422227439,34687,4179377.2
2025-07-18,1.5027824829521048,1.4941951544780927,1.5125965726366901,1.4929683932675197,35619,4365390.7
2025-07-21,1.5065220210524295,1.5089816488419028,1.5114412766313763,1.4979133237892726,42982,5250995.5
2025-07-22,1.5354613252095186,1.524253578310179,1.5441784616867824,1.5167817470439526,149695,18416515.3
2025-07-23,1.5270999230485127,1.4896473141762787,1.5355569637615978,1.4884391655029807,137752,17291596.0
2025-07-24,1.5402343394515507,1.5126229678167997,1.5402343394515507,1.5102219789789952,49929,6362634.0
2025-07-25,1.537473326176644,1.526779925917301,1.5386614817610151,1.5125220589048436,71110,9115815.8
2025-07-28,1.596659066506218,1.594187458044134,1.6028380876614274,1.5867726326578824,34356,4432972.656
2025-07-29,1.581723629188096,1.5635707183710943,1.582933823242563,1.5490483897174927,59571,7735915.1
2025-07-30,1.5705209728529552,1.582629846969015,1.592316946261863,1.5572012113252895,101129,13189858.6
2025-07-31,1.5913327586802013,1.6202204093902604,1.63529222715203,1.5850528346127972,158386,20281065.0
2025-08-01,1.5952926461215888,1.6041553830444866,1.614284225242084,1.5800993828251928,79793,10080882.35
2025-08-04,1.6259371760126482,1.6220750924591743,1.6272245371971399,1.6053393970607859,26368,3313550.8
2025-08-05,1.617083084806335,1.613251134368405,1.6183604016189779,1.606864550305189,29042,3669500.5
2025-08-06,1.630991436364467,1.6169421757536535,1.6322686418745413,1.6118333537133576,43310,5506275.4
2025-08-07,1.6280677325541333,1.6255218877807884,1.6484344907408932,1.616611431074081,60000,7695085.5
2025-08-08,1.6907409460774725,1.7081436636538838,1.712159675402286,1.6894022754946718,66904,8504185.8
2025-08-11,1.6749254498635073,1.6709532946464398,1.6881659672537326,1.6683051911683948,35544,4504927.3
2025-08-12,1.663062685815762,1.6435736699663583,1.6708582921555233,1.6383765990731842,97795,12452435.352
2025-08-13,1.6851007897524501,1.6617326740239877,1.6941883903135186,1.6617326740239877,95211,12342141.611
2025-08-14,1.657229850240248,1.6688278818515716,1.7074879872226507,1.6533638397031398,135807,17730729.326
2025-08-15,1.6562994485865952,1.6222140178611086,1.6600867186672046,1.612114630979483,104991,13605387.974
2025-08-18,1.7365431141103604,1.6914882519948211,1.746841368308198,1.687626406670632,186110,24897812.723
2025-08-19,1.7678552670453511,1.7958741052400322,1.7958741052400322,1.7665210366551285,109189,14559025.6
2025-08-20,1.7781165030337474,1.720757906161691,1.7794201075081122,1.7038110479949469,155288,20628227.64
2025-08-21,1.7833612593954038,1.8003332186722267,1.8055553599881722,1.7690003707765534,111788,15301294.25
2025-08-22,1.7603615147753975,1.6665567835382311,1.772543947403601,1.6665567835382311,134808,19119515.264
2025-08-25,1.7383276591427375,1.7892055418493542,1.8158558613623437,1.7153114741087916,255799,37239137.949
2025-08-26,1.7485841500346737,1.7303697318051459,1.7728700410073774,1.7157981972215237,89708,12916737.1
2025-08-27,1.7477315780254408,1.7514110129265468,1.832358580750883,1.7477315780254408,186199,27077444.485
2025-08-28,1.851374788028637,1.7612144414468553,1.851374788028637,1.7599793682060092,296394,43053636.687
2025-08-29,1.9269907645791802,1.9706656926225272,1.9706656926225272,1.899197628551596,197349,28616567.705
2025-09-01,1.9340565499926767,1.8926032280906233,1.9392382152304333,1.8783536486867922,174656,25812095.6
2025-09-02,1.9703103043976686,2.0386289695986974,2.049559956030862,1.9539138247494217,194381,28277256.65
2025-09-03,1.9458975136212882,1.956753287755856,1.9974624407604855,1.9350417394867203,171752,24817901.406
2025-09-04,1.9249442554559593,2.0514529145150515,2.0572033081086465,1.8947546890895852,303060,41833608.338
2025-09-05,1.9367114504000351,1.8710365310863255,1.9395061278176395,1.8710365310863255,114174,15535474.8
2025-09-08,1.8852521930184383,1.8879112229098607,1.8879112229098607,1.8054812962757683,104382,14567800.65
2025-09-09,1.8653455199748417,1.9126893148980608,1.915394674607959,1.8531714012802998,80174,11175853.8
2025-09-10,1.9087425034890508,1.9087425034890508,1.9281205999711732,1.8962851557505438,73106,10151608.137
2025-09-11,1.9017238161668881,1.820601331701028,1.9043835697559326,1.8126220709338943,202503,28342103.05
2025-09-12,1.8570612111871763,1.853181556846256,1.8855120096872584,1.8467154662780554,71971,10391573.1
2025-09-15,1.7770957640506728,1.798133805825646,1.8439224849829405,1.7696705728359763,96167,13899218.087
2025-09-16,1.8193099845104768,1.8180439372004484,1.8345025522308147,1.8041174167901386,107148,15411899.61
2025-09-17,1.8239387407296876,1.7628557286489879,1.8361553431458275,1.7433091647831642,157479,23344007.778
2025-09-18,1.8262164083444166,1.7636100243584825,1.8911852973864236,1.760066266774373,974067,149720512.421
2025-09-19,1.816684545607397,1.8296692954460465,1.865082249551454,1.8072410911792884,204793,31883939.2
2025-09-22,1.8615473457640175,1.8365201407313383,1.8722732907780224,1.8174517940397736,154813,24023579.8
2025-09-23,1.8982598111007434,1.8270176148003523,1.8982598111007434,1.7879493136033637,278298,44700766.6
2025-09-24,1.8733207218642027,1.7044317408554277,1.88264588032481,1.69303432495913,893409,156816405.32
2025-09-25,1.8732832152256003,1.8669899905383922,1.887967406162419,1.8323772547587478,859149,152631478.318
2025-09-26,1.9244363466479195,1.9082917464243632,1.9717938406370181,1.9007575996533703,655498,118019274.791
2025-09-29,1.9292251321984424,1.8890769640584968,1.9292251321984424,1.8605506340643245,676365,121110168.385
2025-09-30,1.9640115949672476,1.9908864115376808,1.998411360177402,1.9457367196993534,634350,116453255.886
2025-10-09,1.9754113893031198,1.951166745784458,2.0502535497302925,1.9385173665573303,779367,146399962.404
2025-10-10,1.9812380893158914,2.005372772574446,2.0415747974622778,1.9592974681717508,438121,79557269.59
2025-10-13,1.9556863566842522,1.8009047626792951,1.9556863566842522,1.8009047626792951,529171,96555488.916
2025-10-14,1.9312076854089137,2.093987232286844,2.093987232286844,1.9179195591331644,842508,150744011.6
2025-10-15,1.9426022081455547,1.9314056536317474,1.9537987626593623,1.9000553009930872,391751,67318398.88
2025-10-16,1.9416550371056558,1.9563645449625169,1.9823890588631172,1.934866033479412,270260,46655269.061
2025-10-17,2.0567982108599816,2.1229051272793744,2.1403673316165728,2.051809009620782,375021,62646011.63
2025-10-20,2.140804326902641,2.178544950294846,2.1993673632008894,2.1277903188363636,544031,90303685.67
2025-10-21,2.314946343065806,2.2749859597628843,2.3218360643249305,2.2708521270074096,613863,102201824.303
2025-10-22,2.2996168508699824,2.289948792037496,2.331383329891009,2.271993825634307,260944,43457203.2
2025-10-23,2.2922297460057566,2.2991590983213728,2.301930839247619,2.257582984427677,339467,55741291.175
2025-10-24,2.3281971414091673,2.250232110114865,2.329541366086655,2.244855211404913,469764,80163039.951
2025-10-27,2.2499926324197865,2.216186399211476,2.276286369359584,2.1986572412516114,559058,99931079.292
2025-10-28,2.3088366280896357,2.295966858702291,2.3448719823742006,2.2792361584987426,1143403,206133119.2
2025-10-29,2.434451148669724,2.424989095343412,2.4398580362847593,2.3830857163268866,522378,93236271.176
2025-10-30,2.5376196981437564,2.576220110453549,2.5990944288593516,2.5347604083430313,446571,80009304.95
2025-10-31,2.5223371591372294,2.630904737331226,2.630904737331226,2.519362704940134,510417,87761158.443
2025-11-03,2.5000948100344442,2.495625033854407,2.5120142131812115,2.4181489134004193,502602,82817776.09
2025-11-04,2.5113049530558182,2.4875854257542285,2.5498491849209017,2.4757256621034336,549619,93534361.683
2025-11-05,2.4531562642644866,2.4181111747749937,2.4677583848851086,2.397668205906123,601193,100036205.099
2025-11-06,2.4831735913528314,2.415983517205691,2.496039775763986,2.4031173327945363,611614,104811023.4
2025-11-07,2.4997733810822265,2.4624419003768057,2.5284899047017806,2.45957024801485,426749,74240803.353
2025-11-10,2.5164141432106395,2.4794498676606525,2.569017150724082,2.4794498676606525,575133,102246888.346
2025-11-11,2.5872869296548853,2.630235596489454,2.676146240347096,2.5843249526318117,420044,74689593.522
2025-11-12,2.6086158340018613,2.602573874919054,2.658461996435018,2.564811630651511,419586,72315722.552
2025-11-13,2.632266018381978,2.6216459249360566,2.661091986306622,2.603440050457334,369910,64110161.597
2025-11-14,2.6060626445359296,2.649265577660267,2.677038891811627,2.5983478350494407,421029,71858027.263
2025-11-17,2.6184006733081238,2.6544624789884153,2.710907044401046,2.6105611503341475,439700,74346314.981
2025-11-18,2.671719071423675,2.602771482483709,2.734398697732735,2.602771482483709,642399,110165035.189
2025-11-19,2.6932884910562813,2.6901143148735396,2.7456623980715182,2.679004698233944,408901,69738803.572
2025-11-20,2.6441817992912937,2.74471496365783,2.7495022571990946,2.6377987412362756,360175,60289244.7
2025-11-21,2.6429177231996985,2.7012051336042293,2.732846870680974,2.6395870140337254,422372,68015150.064
2025-11-24,2.669080428346002,2.6196835049342932,2.6921323259381325,2.609804120251951,488771,78424933.663
2025-11-25,2.667834572400977,2.6793409445555096,2.7089287586671653,2.6579719676970917,454021,73948533.015
2025-11-26,2.700972616479634,2.697644246034188,2.7359205061568197,2.6693530972478947,368215,59992491.121
2025-11-27,2.679092068521777,2.7073280047678216,2.7604780024074356,2.6741092562430633,421053,69058242.977
2025-11-28,2.6755436361995937,2.617132738138232,2.69663646049953,2.599284963730594,586205,96302595.608
2025-12-01,2.6972934989740756,2.6506775803386478,2.6972934989740756,2.616921225464717,377249,62335688.816
2025-12-02,2.6753196627349736,2.6947177509239886,2.714115839113003,2.660771096593212,280550,46598008.992
2025-12-03,2.6648249598394087,2.6551522739597737,2.700291474731403,2.6535401596465014,280959,46668842.442
2025-12-04,2.668152695236662,2.5909747247132877,2.699653907695182,2.5720739972381756,443218,74069715.483
2025-12-05,2.6682683413973667,2.6588287128311023,2.6729881556804993,2.628936555704599,333699,56224961.5
2025-12-08,2.6522825977248408,2.621531495142524,2.664583038757767,2.5830926169146275,417142,71161360.977
2025-12-09,2.5911690857521648,2.580586714923539,2.625939732760508,2.580586714923539,328668,56543471.613
2025-12-10,2.6201984328784547,2.595909223767183,2.6277888107257272,2.5549211833919117,464222,79237461.151
2025-12-11,2.6073279256680757,2.625508015794756,2.649748135963663,2.6058129181575187,380351,66014060.7
2025-12-12,2.5750423512214344,2.479670412287307,2.5837125274881734,2.4493247953537214,590124,102390030.337
2025-12-15,2.526537393769347,2.5422924455445526,2.5738025490949643,2.526537393769347,380517,67714805.736
2025-12-16,2.6333109987966545,2.619768256517129,2.663405981640045,2.592682771958078,435682,76144182.704
2025-12-17,2.6430899984286573,2.6042649476042814,2.6520496255419745,2.5624533544087997,494411,86203502.903
2025-12-18,2.7667488038387247,2.8080910273443607,2.820811711499941,2.7667488038387247,334549,58736724.52
2025-12-19,2.989035804900543,3.0131270549112554,3.0458223227829366,2.9787109834673804,386877,67383902.896
2025-12-22,3.3080006768250625,3.1603708945535307,3.311645856634236,3.1567257147443573,574599,103170819.25
2025-12-23,3.658950104895834,3.6014069633329386,3.688713798807676,3.5775960082034644,507937,93561043.121
2025-12-24,4.035610504043425,4.01817806126138,4.046505780782203,3.985492231045045,470245,86674605.683
2025-12-25,3.834206924876208,3.82593909323227,3.8569434618970377,3.7804660191906114,378833,70014056.386
2025-12-26,3.4934410218123584,3.5354386734407033,3.543074610100403,3.47816914849296,421375,77403976.709
2025-12-29,3.590803578671702,3.6405101619866476,3.648463215317039,3.572909208678321,433579,78549668.484
2025-12-30,3.5354141954055183,3.502281868326194,3.591934047482012,3.502281868326194,543671,98824306.211
2025-12-31,3.493235197388678,3.5453154570957435,3.556888848141758,3.4623728212659732,1100340,200097814.399
2026-01-05,3.464292148686068,3.317454019934853,3.464292148686068,3.313828387126181,1024042,193285270.204
2026-01-06,3.832874562930935,3.6840438310369956,3.921786428737704,3.682110964389022,1301896,258431275.669
2026-01-07,3.651316186704378,3.4904803284334265,3.6735594436992964,3.481925229589227,1704772,356303691.388
2026-01-08,3.6452273689784147,3.6521116510728024,3.7243966130638766,3.614248099553669,1502370,319746734.829
2026-01-09,3.463436179553986,3.4092430103148765,3.4749317003016764,3.399389706816857,967189,202439649.764
2026-01-12,3.588539683344341,3.541542905452086,3.630501092176712,3.541542905452086,946643,202204513.08
2026-01-13,3.571666544954091,3.6701595266001403,3.732365620271329,3.5543870744898713,942541,199350952.356
2026-01-14,3.5779082382432095,3.4561646686999623,3.6692159154006445,3.4544737857896397,1052913,222544399.724
2026-01-15,3.55919064038859,3.3398433089746282,3.55919064038859,3.333439007327505,2402010,515026582.983
2026-01-16,3.644022766376944,3.5809228050543993,3.653487760575325,3.533597834062491,2860370,655652397.761
2026-01-19,3.6432048429608477,3.7083187917670357,3.7083187917670357,3.6019130705471674,1963361,451098854.6
2026-01-20,3.6101386145030894,3.6053717061212636,3.6625746067031786,3.565647469606045,1215890,276422452.21
2026-01-21,3.632579184169122,3.5863550523828542,3.6979305429014313,3.5863550523828542,1256681,286760067.742
2026-01-22,3.6820202528837807,3.804423441883511,3.827580801964541,3.6489383099108803,1280748,286261794.0
2026-01-23,3.706409104908921,3.6297697613406323,3.708039729240161,3.572697909747226,1599752,355952809.619
2026-01-26,3.8950128946540836,4.0518829791985045,4.0518829791985045,3.864708446503457,1805916,395466379.6
2026-01-27,3.9360434793915244,3.821315754655897,3.967814233933699,3.8195507127368877,1359413,300919920.001
2026-01-28,3.854076534789337,3.8030291634676234,3.8659875880977355,3.7706991616305388,1179089,264803734.018
2026-01-29,3.7882763063677727,3.958397973829659,3.958397973829659,3.781260979874499,1613486,353919644.104
2026-01-30,3.581273971703131,3.5712982781886384,3.6228393613468532,3.4831796521439466,1177606,252833317.196
2026-02-02,3.5549906213279985,3.683379740887917,3.7076695743181713,3.5549906213279985,1237868,258053116.879
2026-02-03,3.6174051699785728,3.591774051627284,3.6174051699785728,3.5285506263607713,1212040,253476798.537
2026-02-04,3.5910792454139973,3.575725462416978,3.6234927872965943,3.5450178964229386,765480,160849525.77
2026-02-05,3.6733116347283787,3.5878452196753443,3.708195885770434,3.547728330976981,961144,199073285.6
2026-02-06,3.6654383405003124,3.6269100827406344,3.721479442696208,3.6269100827406344,1333587,280976831.586
2026-02-09,3.660659932460446,3.638401476369714,3.684630577481235,3.6195673981390937,769989,164120195.197
2026-02-10,3.5840942702548637,3.58577300293414,3.6227051218782185,3.55891328006572,673528,143769551.5
2026-02-11,3.594816050503973,3.6305261437208993,3.637328066238409,3.584613166727708,1087818,231160195.39
2026-02-12,3.577418702459526,3.5841558374924065,3.6009986750746075,3.540364459778683,723534,153442708.198
2026-02-13,3.5944074369241745,3.544229576008528,3.646257893203677,3.5275036223699785,1313345,284032275.364
2026-02-24,3.5362312819160047,3.542779858363997,3.559151299483978,3.44291406753211,759924,163095674.504
2026-02-25,3.5312401760989984,3.392301017976624,3.554656888142095,3.337662023209398,1663480,367329943.825
2026-02-26,3.5607691533821035,3.5295617111964583,3.5888558513491833,3.445301617295217,1780652,399927981.095
2026-02-27,3.565215710935314,3.5827704883839666,3.5891540438198395,3.528510267179042,1415933,315136729.9
2026-03-02,3.5413385749771047,3.5203648157631173,3.61878014745952,3.513911351389583,1050611,231974791.492
2026-03-03,3.548911974921971,3.7572696558365433,3.7914266527077847,3.533541326329913,1460871,311352285.1
2026-03-04,3.50287872577214,3.4535902817899022,3.57936079402044,3.4535902817899022,1352398,280329650.944
2026-03-05,3.5388290771102766,3.547283040505189,3.6284410890963463,3.5067040162096097,1907303,401482801.624
2026-03-06,3.5242773492739126,3.5174868341500707,3.5819967278265676,3.5140915765881493,809704,168997907.17
2026-03-09,3.4843761355313396,3.455008562747982,3.4981961697823314,3.3720883572420304,1556807,309324026.4
2026-03-10,3.5616140399429255,3.5357427515171898,3.5840358232452294,3.5046972054063077,1390908,286361520.412
2026-03-11,3.5279775650214584,3.571191400947738,3.581562721570045,3.5020492634656906,2985765,608799632.3
2026-03-12,3.5641582275601045,3.605003090157953,3.6476238163470125,3.530416819327099,813682,163831271.1
2026-03-13,3.5654269498819797,3.5528726296359165,3.635372448395761,3.5439052580315855,981912,195983016.9
2026-03-16,3.4785517601461176,3.4267619076377387,3.4802780885630638,3.345624472041278,2053669,403844365.225
2026-03-17,3.495501729952099,3.6025068849506328,3.6096405619505347,3.4901514722021725,937019,187001515.7
2026-03-18,3.449392226636053,3.3805420823918206,3.4528347338482646,3.3805420823918206,1032794,204818412.825
2026-03-19,3.4694890359985338,3.476580480119124,3.515583422782367,3.4553061477573546,963004,189162837.865
2026-03-20,3.4738216062984493,3.500570745977339,3.5594188532708952,3.4684717783626717,931536,183843311.826
2026-03-23,3.4623307928296545,3.6116496410379417,3.6116496410379417,3.4417994512010153,1227057,231088659.23
2026-03-24,3.504696588034134,3.4842447777060834,3.510274354487238,3.421030091237563,1042106,194362724.32
2026-03-25,3.5281251661364803,3.444726523977036,3.5716375011761903,3.444726523977036,1595695,311089735.1
2026-03-26,3.55161157178159,3.61326500779884,3.61326500779884,3.542270142082006,765606,146689166.122
2026-03-27,3.6516398636821576,3.4921386363373563,3.674157684013188,3.4921386363373563,919130,176297703.8
2026-03-30,3.681743010136219,3.5153156515665254,3.709480903231167,3.5153156515665254,1685651,329504168.99
2026-03-31,3.7151223601711947,3.8351523686811553,3.84483220807712,3.701570585016844,3153718,608927143.473
2026-04-01,3.678139494682843,3.693213836874166,3.730899692352474,3.655527981395858,1113615,218383057.472
2026-04-02,3.695553117110029,3.8133083943413633,3.8231213341106405,3.660226533940629,1342314,254478449.826
2026-04-03,3.7708055314421314,3.784823395871284,3.8128591247295898,3.754785114951671,873396,165065243.2
2026-04-07,3.801248135880063,3.803258314693325,3.8414517121453198,3.7831565265606972,898562,170385559.9
2026-04-08,3.731940031252293,3.5850855292846675,3.731940031252293,3.539193497419784,1791132,357173534.193
2026-04-09,3.730155942060681,3.6447186470914543,3.7810547560849006,3.633811758371979,1501876,308057315.7
2026-04-10,3.7670814086407436,3.788887958039532,3.8288666319373124,3.7652641961908446,1348613,281510902.688
2026-04-13,3.7653230349632385,3.7634853956099135,3.8186145762096673,3.756134838196613,1274915,262279374.1
2026-04-14,3.812093341485918,3.741832641902765,3.8463229130777097,3.7328248599049254,1444614,304273050.863
2026-04-15,3.7676825327914605,3.874554296942756,3.874554296942756,3.745945902794587,2437763,513194853.928
2026-04-16,3.7693114231234794,3.728106973155875,3.772894418772836,3.6922770166623056,1077062,225216703.631
2026-04-17,3.706290374875211,3.686922586692965,3.7362224111568634,3.6411441782622025,1123665,236112146.783
2026-04-20,3.6308506099101616,3.567779496029093,3.644487607506068,3.528573127940861,1933923,409449715.654
2026-04-21,3.7001294973967416,3.744220649653615,3.7512752340147135,3.663092929500969,1128584,236167499.884
2026-04-22,3.7109267155369907,3.579005498040985,3.7109267155369907,3.579005498040985,1389011,297050552.005
2026-04-23,3.7217456074938764,3.7773718846726734,3.7878018116436976,3.6730726149624293,1221179,262071659.9
2026-04-24,3.673771830261856,3.6414262951483365,3.7027125722055314,3.6192951395443496,2792147,601511068.053
2026-04-27,3.631899948525103,3.454579637176013,3.666730723968674,3.4324145982573775,2141749,481985726.661
2026-04-28,3.5775527184626914,3.5540882275239327,3.6714106822177253,3.505594946250499,1911057,439209223.549
2026-04-29,3.619250503317266,3.557450691745737,3.619250503317266,3.5051585434929047,1516625,342083962.597
2026-04-30,3.605129475224232,3.508809222069386,3.6311206546469683,3.455297970316694,1550379,360209396.79
2026-05-06,3.581643986817863,3.624868154781957,3.7485787044722954,3.581643986817863,1869613,457956720.79
2026-05-07,3.6390562613934603,3.5637043047019996,3.6434887294341345,3.5252895816828245,1916054,465050811.988
2026-05-08,3.5718955429003745,3.5778141767742775,3.642919149387209,3.5334244227200053,1896914,458632172.805
2026-05-11,3.585716743212111,3.4092105314338403,3.6232416858736336,3.4064309060515052,2331929,592477567.164
2026-05-12,3.6308214336712505,3.571413015997025,3.666742802497526,3.495425505018365,3640014,948763415.715
2026-05-13,3.6197076841968245,3.393723743343354,3.6382092933895067,3.393723743343354,3263960,872145698.025
2026-05-14,3.627361056360844,3.7247761984936236,3.741012055515753,3.604360258912827,1752365,476818436.6
2026-05-15,3.3125694517176045,3.1696742988984137,3.4649122179463285,3.076379116479272,2887035,799020606.152
2026-05-18,3.357378041952332,3.350252372248861,3.4630754758871594,3.309873577262522,3467005,987783153.857
2026-05-19,3.449971903770488,3.207766956545754,3.449971903770488,3.1834305742887237,3498313,1005548188.04
2026-05-20,3.4011602931623384,3.2215253556297427,3.4184745040088536,3.205293282961135,3771977,1156815937.408
2026-05-21,3.3699714657147273,3.597198659478116,3.7125079816864015,3.351883728897741,5417399,1700593571.591
2026-05-22,3.356446076950478,3.310681431405094,3.3754216616888075,3.223616983782168,5343529,1581113854.544
2026-05-25,3.535422228779386,3.312296812005679,3.591203582972813,3.2208153911284594,4136440,1263780557.701
2026-05-26,3.4330066096740706,3.5176896678808958,3.5176896678808958,3.3293812884472973,3859000,1181858658.728
2026-05-27,3.5115580279825895,3.649126663999469,3.715539108973135,3.5020705358434943,3705273,1130319155.27
2026-05-28,3.632085566843388,3.524369600349199,3.651450234977175,3.51831814155739,2571444,765915259.03
2026-05-29,3.687364951472427,3.928496982586742,3.9350140645087515,3.6326214633275553,3454562,992667634.402
2026-06-01,3.736826387408341,3.8816754162158205,3.9415649185112214,3.731255270915746,2928341,804903257.069
2026-06-02,3.9063851310700333,3.8377014364578126,3.9822233772043596,3.799066858238439,3454154,939489600.446
2026-06-03,4.236387704294995,4.126175194525382,4.360188057734835,4.126175194525382,2754503,774307181.773
2026-06-04,4.1601830113285985,3.9232737901002808,4.183017635061448,3.9232737901002808,2475349,714746442.639
2026-06-05,4.159336825150736,4.199075712015234,4.305046076987226,4.131372423283127,2332552,666861523.964
2026-06-08,3.953083014703944,3.8360509517686294,4.060001195657193,3.8360509517686294,2210700,609215389.9
2026-06-09,3.7468317993121976,3.5432408713036714,3.7468317993121976,3.5280663921974456,2400942,690849325.888
2026-06-10,3.6972255167742576,3.5481635494753614,3.761981945190992,3.5481635494753614,2780646,838604587.075
2026-06-11,3.8377932225648927,3.6485553029849025,3.8377932225648927,3.6485553029849025,2450785,768545271.23
2026-06-12,3.827450018138061,4.126893145764445,4.15030639442659,3.800339940739788,4256861,1372753184.233
2026-06-15,3.8382911041325887,3.6992738081572525,3.8382911041325887,3.572037638959487,2608742,828619253.682
2026-06-16,3.703609255306784,3.6855152864258955,3.7409280661236157,3.644803856443897,1781196,581490434.914
2026-06-17,3.7247567844852902,3.3838324852799855,3.7300506400630122,3.3838324852799855,2854698,957457730.457
2026-06-18,4.023604733634583,3.9526397005385645,4.055144748343925,3.9256054022162714,3003776,1065305094.07
2026-06-22,4.06812030988198,3.9910517248503865,4.094543824749955,3.912882160032627,3314112,1207350722.494
2026-06-23,4.116923650941642,4.11468680027555,4.231003034912315,3.996133714972694,3983345,1461758852.169
2026-06-24,4.07203469078164,3.760896459970694,4.102415191433214,3.760896459970694,3541754,1339673669.364
2026-06-25,4.2170316214589,4.139172255194439,4.258065611787466,4.098138264865872,3707476,1473734253.339
2026-06-26,4.147,3.973,4.206,3.956,3753893,1536573207.248
